MERCHANT_CATEGORIZED_AT,MERCHANT_NAME,MERCHANT_CATEGORIZED_AS,PURCHASE_VALUE,PURCHASED_AT,IS_PURCHASE_PAID_VIA_MPESA_SEND_MONEY,USER_AGE,USER_GENDER,USER_HOUSEHOLD,USER_INCOME,USER_ID,Transaction_ID
2022-05-04 10:25:50.588042+00,UONSDA CHURCH  MOGERE MWAYO TITHE,Rent / Mortgage,1700,2022-05-04 13:56:00+00,False,,Male,3,10000,ID_ZX4DCF4K,ID_04mk78fa
2021-10-25 16:18:38.586837+00,PARK N GO,Transport & Fuel,100,2021-10-24 14:12:00+00,False,25.0,Female,4,90000,ID_U9WZMGJZ,ID_04xkfb07
2022-05-20 14:17:30.917297+00,SAFARICOM OFFERS  TUNUKIWA,Data & WiFi,20,2022-05-27 12:46:00+00,False,,Male,3,10000,ID_ZX4DCF4K,ID_051urwuw
2022-04-12 15:59:14.139347+00,ZILLIONS CREDIT LIMITED,Loan Repayment,3800,2022-02-07 12:16:00+00,False,,Male,5,252000,ID_3JA0MAFB,ID_0e1om7rz
2022-05-04 10:24:26.709045+00,MICHAEL MUSEMBI,Bills & Fees,60,2022-05-04 15:28:00+00,False,,Male,3,10000,ID_ZX4DCF4K,ID_0kfcoawb
2022-01-07 09:41:44.286084+00,JOSEPH NTHENGE,Miscellaneous,14800,2022-01-08 12:56:00+00,True,27.0,Female,2,8000,ID_L8QMYB09,ID_0ntvo3wr
2021-10-05 12:45:58.000193+00,NAIVAS KITENGELA,Groceries,657,2021-10-06 17:11:00+00,False,25.0,Female,4,90000,ID_U9WZMGJZ,ID_0vakiykh
2022-05-13 06:55:53.403538+00,FATUMA OSORE,Bills & Fees,100,2022-05-13 14:04:00+00,False,,Male,3,10000,ID_ZX4DCF4K,ID_0vhidyto
2022-05-31 13:27:24.704992+00,FARMERS BUTCHERY,Shopping,1600,2022-02-19 10:34:00+00,False,,Male,5,150000,ID_O8P8YS18,ID_0wnir1ur
2022-06-01 10:25:16.7131+00,M-SHWARI ACCOUNT,Bills & Fees,1000,2022-06-02 06:42:00+00,False,,Male,3,10000,ID_ZX4DCF4K,ID_0xrs122b
2022-03-16 13:08:19.703288+00,THREE BINS SERVICES,Bills & Fees,500,2021-09-06 07:47:00+00,False,,Female,1,85000,ID_1I8XYBWK,ID_16ubf02u
2021-08-06 11:28:03.855344+00,SAFARICOM LIMITED,Data & WiFi,55,2021-07-16 13:34:00+00,False,,Male,3,200000,ID_ECX9BS4A,ID_19gpl659
2022-06-01 10:23:56.42678+00,ELIZABETH NYAMBURA,Groceries,300,2021-06-17 11:17:00+00,True,,Female,1,85000,ID_1I8XYBWK,ID_1dzb2jew
2021-09-01 02:19:31.317098+00,SAFARICOM POST,Data & WiFi,3000,2021-09-23 08:15:00+00,True,25.0,Female,4,90000,ID_U9WZMGJZ,ID_1ev8a8nu
2022-03-16 13:08:19.703288+00,GARIDON ENTERPRISES VIA CO-OP,Groceries,4090,2020-12-28 13:29:00+00,False,,Female,1,250000,ID_OZANC6XT,ID_1i4muuzs
2022-03-16 13:05:51.851102+00,KPLC PREPAID,Bills & Fees,1000,2022-03-11 06:49:00+00,True,,Male,1,200000,ID_5Y35KI6Q,ID_1kmitbhe
2022-04-12 15:59:14.139347+00,TABITHA RAORE,Family & Friends,19000,2021-12-18 15:15:00+00,True,,Male,5,252000,ID_3JA0MAFB,ID_1mzk2n06
2022-03-10 18:25:42.112294+00,ELIZABETH NYAMBURA,Groceries,250,2021-11-04 11:18:00+00,True,,Female,1,85000,ID_1I8XYBWK,ID_1ti3qcr4
2022-04-12 15:59:14.139347+00,SAFARICOM POST PAID,Data & WiFi,3717,2022-03-21 16:05:00+00,True,,Male,5,252000,ID_3JA0MAFB,ID_20esyh4r
2021-10-25 16:27:55.188211+00,KFC WOODVALE,Going out,490,2021-10-26 15:51:00+00,False,25.0,Female,4,90000,ID_U9WZMGJZ,ID_275hk0w4
2022-05-31 13:22:16.049027+00,ENVY VIVA CORPORATE,Going out,100,2022-05-30 16:52:00+00,False,,Female,1,85000,ID_1I8XYBWK,ID_2819q67n
2021-09-01 02:20:12.680427+00,ENOCK  MAKORI,Transport & Fuel,260,2021-09-05 15:42:00+00,True,26.0,Female,1,30000,ID_WO19RXAS,ID_2khmhy90
2022-03-16 13:08:19.703288+00,GLADWELL MBURU,Miscellaneous,200,2022-03-03 17:48:00+00,True,,Male,5,750000,ID_D8FOVVBB,ID_2lpxt9vk
2022-04-12 15:59:14.139347+00,WAFULA ANNE,Going out,450,2021-08-07 17:12:00+00,True,,Male,5,252000,ID_3JA0MAFB,ID_2n4qwp60
2021-09-01 02:19:31.317098+00,IM BANK,Bills & Fees,800,2021-09-07 02:25:00+00,True,,Male,3,200000,ID_ECX9BS4A,ID_2r3lrw57
2022-05-31 13:27:24.704992+00,TUSKYS -T MALL,Groceries,1547,2019-08-30 13:37:00+00,False,,Female,1,85000,ID_1I8XYBWK,ID_2xs0j8l9
2022-03-16 13:05:51.851102+00,JIWEKE TAVERN,Going out,10000,2020-09-15 17:53:00+00,False,,Female,1,10000,ID_40L9OTIM,ID_3076ksf3
2021-10-25 16:27:55.188211+00,CHRISPIN MALOBA,Bills & Fees,50,2021-09-29 16:20:00+00,False,25.0,Female,4,90000,ID_U9WZMGJZ,ID_34clqxkv
2022-04-08 10:51:16.328443+00,SAFARICOM OFFERS  TUNUKIWA,Data & WiFi,50,2022-04-08 21:21:00+00,False,,Male,3,10000,ID_ZX4DCF4K,ID_34yxgpte
2022-03-16 13:08:19.703288+00,GALITOS BELLEVUE,Going out,400,2021-09-04 17:00:00+00,False,,Female,1,85000,ID_1I8XYBWK,ID_3ft5glff
2021-11-26 08:29:58.261766+00,SIXTUS ABOLALA,Transport & Fuel,260,2021-11-30 08:03:00+00,True,,Male,3,200000,ID_ECX9BS4A,ID_3ggnueyw
2021-08-06 11:28:16.846937+00,OILIBYA WAIYAKI,Transport & Fuel,8250,2021-08-19 15:29:00+00,False,,Male,3,200000,ID_ECX9BS4A,ID_3l5dr4ux
2021-08-06 11:28:16.860332+00,ALBERT  MBOGO,Groceries,1030,2021-08-25 04:59:00+00,True,27.0,Female,2,8000,ID_L8QMYB09,ID_3qr1ju4u
2022-04-12 15:59:29.101096+00,FATUMA OSORE,Bills & Fees,90,2022-04-20 15:22:00+00,False,,Male,3,10000,ID_ZX4DCF4K,ID_3u480vjv
2022-05-31 13:27:24.704992+00,PETER NJOORA KENDA,Miscellaneous,300,2019-05-20 15:27:00+00,True,,Female,3,85000,ID_J8O7LHZ2,ID_3xl370kf
2021-11-30 10:51:36.702996+00,IDEAL APPLIANCES,Bills & Fees,24995,2021-05-06 14:14:00+00,False,,,1,10000,ID_R4T8Q46J,ID_3xlptxy6
2022-05-31 13:27:24.704992+00,KCB PAYBILL AC,Groceries,300,2022-05-31 12:04:00+00,False,,Female,1,23000,ID_Y0386AT9,ID_43z93z6b
2021-10-05 12:29:13.14963+00,BETHSEBA  MAKOKHA,Bills & Fees,80,2021-10-06 17:18:00+00,True,25.0,Female,4,90000,ID_U9WZMGJZ,ID_45iblogl
2021-09-01 02:20:12.680427+00,HELLEN  MURIGI,Miscellaneous,350,2021-09-08 05:57:00+00,True,26.0,Female,1,30000,ID_WO19RXAS,ID_478yw3nu
2021-10-25 16:18:38.586837+00,HILDA  EREGWA,Bills & Fees,5000,2021-09-29 13:32:00+00,True,25.0,Female,4,90000,ID_U9WZMGJZ,ID_47llfbh5
2022-03-16 13:08:19.703288+00,NCBA BANK KENYA PLC 1,Loan Repayment,9900,2022-02-12 09:29:00+00,True,,Male,1,200000,ID_5Y35KI6Q,ID_4fpmn0nj
2022-04-12 15:59:14.139347+00,TEOFILO LIGAWA,Bills & Fees,92,2022-04-21 12:54:00+00,True,,Male,3,10000,ID_ZX4DCF4K,ID_4kyu4kx7
2022-03-16 13:08:19.703288+00,TUSKYS -T MALL,Groceries,2920,2019-12-18 10:41:00+00,False,,Female,1,85000,ID_1I8XYBWK,ID_4r9pm54w
2022-05-12 15:46:32.634262+00,MICHAEL MUSEMBI,Miscellaneous,40,2022-05-18 14:30:00+00,False,,Male,3,10000,ID_ZX4DCF4K,ID_4sff4xaz
2021-09-01 02:20:12.680427+00,STEPHEN  OSANGO,Shopping,1800,2021-06-30 14:47:00+00,True,,Male,3,200000,ID_ECX9BS4A,ID_4vbepzev
2022-03-10 18:25:42.112294+00,PETER KENDA,Miscellaneous,100,2021-11-18 16:58:00+00,True,,Female,1,85000,ID_1I8XYBWK,ID_51rukzy6
2022-04-12 15:59:14.139347+00,MOGO AUTO LIMITED  KDA,Loan Repayment,58948,2022-01-10 14:12:00+00,False,,Male,5,252000,ID_3JA0MAFB,ID_5573q3d3
2022-04-12 15:59:14.139347+00,ZURI MEDICAL FUND  EVAN OMONDI,Family & Friends,3000,2022-03-16 07:12:00+00,False,,Male,5,252000,ID_3JA0MAFB,ID_5awb99ob
2022-04-12 15:59:14.139347+00,ERIC CHESI,Bills & Fees,1528,2022-04-06 09:15:00+00,True,,Male,5,252000,ID_3JA0MAFB,ID_5gc23dy4
2022-06-01 10:25:16.7131+00,M-SHWARI ACCOUNT,Emergency fund,20,2022-06-02 19:16:00+00,False,,Female,1,85000,ID_1I8XYBWK,ID_5h20hq1z
2022-03-16 13:05:51.851102+00,JERUSA OTIENO,Family & Friends,9850,2021-03-23 10:23:00+00,True,,Female,1,85000,ID_1I8XYBWK,ID_5hnl7b46
2021-10-05 12:45:58.000193+00,KILIMANJARO LUNCHEONETTE,Going out,2740,2021-10-14 12:58:00+00,False,25.0,Female,4,90000,ID_U9WZMGJZ,ID_5q4v6izf
2022-04-12 15:57:05.758311+00,JAVA AGAKHAN MAIN,Going out,690,2022-03-29 10:56:00+00,False,,Male,5,252000,ID_3JA0MAFB,ID_68258r8x
2022-03-16 13:05:51.851102+00,SAMWEL KIMANI,Bills & Fees,530,2022-03-19 08:52:00+00,True,,Male,3,100000,ID_GAQ3PX9G,ID_68beoj4a
2022-03-16 13:08:19.703288+00,KPLC PREPAID,Bills & Fees,2000,2022-03-18 06:20:00+00,True,,Male,5,750000,ID_D8FOVVBB,ID_69qfc7dh
2021-09-01 02:19:31.317098+00,SILVANO  NGARI,Shopping,2700,2021-09-21 10:13:00+00,True,,Male,3,200000,ID_ECX9BS4A,ID_6hsf3tmb
2022-05-31 13:22:16.049027+00,EQUITY PAYBILL ACCOUNT,Groceries,600,2022-05-31 17:02:00+00,True,,Female,1,23000,ID_Y0386AT9,ID_6jn9k711
2021-10-05 12:29:13.14963+00,EQUITY PAYBILL ACCOUNT,Bills & Fees,10000,2021-10-22 06:56:00+00,True,25.0,Female,4,90000,ID_U9WZMGJZ,ID_6khyne9r
2021-09-01 02:20:12.680427+00,KANGA HARDWARE,Bills & Fees,870,2021-09-22 10:58:00+00,False,,Male,3,200000,ID_ECX9BS4A,ID_6mxvvffh
2022-05-31 13:27:55.17584+00,TOTALENERGIES KITISURU,Miscellaneous,1000,2022-05-30 11:29:00+00,False,,Male,5,150000,ID_O8P8YS18,ID_6nmz9tea
2022-04-12 15:57:15.179609+00,KPLC PREPAID,Bills & Fees,2000,2022-04-07 06:10:00+00,True,,Male,5,750000,ID_D8FOVVBB,ID_6olmmitc
2021-12-01 08:30:46.660752+00,ASHAKI GRILL AND BBQ,Going out,4000,2021-11-30 17:00:00+00,False,,Male,3,200000,ID_ECX9BS4A,ID_6szl2nbm
2022-04-12 15:57:05.758311+00,VIBE NAIROBI LIMITED,Going out,260,2022-03-25 14:33:00+00,False,,Male,5,252000,ID_3JA0MAFB,ID_6ykle5mp
2022-04-12 15:59:14.139347+00,SAFARICOM HOME,Data & WiFi,4100,2022-01-06 05:41:00+00,False,,Male,5,252000,ID_3JA0MAFB,ID_6yyqxhjo
2022-03-16 13:08:19.703288+00,IPAY LTD,Going out,7394,2019-10-05 16:02:00+00,False,,Female,1,10000,ID_40L9OTIM,ID_71xbqh8j
2021-10-05 12:45:58.000193+00,BRIOCHE RUBIS LANGATA,Going out,500,2021-10-22 15:49:00+00,False,25.0,Female,4,90000,ID_U9WZMGJZ,ID_73pi4suu
2021-09-01 02:20:12.680427+00,OILIBYA WAIYAKI,Transport & Fuel,5000,2021-09-13 11:51:00+00,False,,Male,3,200000,ID_ECX9BS4A,ID_74wzhity
2022-03-16 13:05:51.851102+00,RAPHAEL MWANGI,Groceries,300,2020-08-17 15:49:00+00,True,,Female,1,85000,ID_1I8XYBWK,ID_757cyldy
2022-03-16 13:05:51.851102+00,SAFARICOM POST PAID,Bills & Fees,2100,2022-04-03 05:40:00+00,True,,Male,5,750000,ID_D8FOVVBB,ID_769asrih
2022-03-10 18:21:31.781487+00,QUICK MART FRESH N EASY BYPASS,Groceries,1636,2022-03-07 16:44:00+00,False,,Male,7,350000,ID_3XJU0KQ9,ID_78wa1al6
2022-03-16 13:05:51.851102+00,JERUSA OTIENO,Family & Friends,23000,2020-03-21 06:59:00+00,True,,Female,1,85000,ID_1I8XYBWK,ID_7ewzj3vs
2022-02-23 13:31:09.552091+00,SAFARICOM HOME,Data & WiFi,3000,2021-09-11 18:03:00+00,False,,Female,1,85000,ID_1I8XYBWK,ID_7ga2g7cb
2021-10-25 16:27:55.188211+00,MABENAN CYBER,Bills & Fees,270,2021-10-29 15:38:00+00,False,25.0,Female,4,90000,ID_U9WZMGJZ,ID_7jkuznno
2022-04-12 15:59:14.139347+00,KILELESHWA SUPERSHINE,Miscellaneous,2000,2022-04-16 14:34:00+00,False,,Male,5,252000,ID_3JA0MAFB,ID_7v8ss0fu
2021-10-25 16:27:55.188211+00,MEMORIES PRODUCTION STUDIO,Bills & Fees,300,2021-10-29 15:52:00+00,False,25.0,Female,4,90000,ID_U9WZMGJZ,ID_7wniu4w2
2021-10-05 12:29:13.14963+00,SAFARICOM LIMITED,Data & WiFi,55,2021-10-04 17:40:00+00,False,,Male,3,200000,ID_ECX9BS4A,ID_7xfo30y0
2022-04-12 15:59:14.139347+00,LILIAN GICHU,Family & Friends,500,2022-04-13 09:01:00+00,True,,Male,7,350000,ID_3XJU0KQ9,ID_7xwf3l1i
2022-03-10 18:25:42.112294+00,CAPTON ENTERPRISES NRBI WEST,Transport & Fuel,1100,2021-08-23 13:16:00+00,False,,Female,1,85000,ID_1I8XYBWK,ID_835vmkop
2022-03-16 13:08:19.703288+00,MYAIRTIME LIMITED,Data & WiFi,50,2021-10-22 15:49:00+00,True,,Female,1,85000,ID_1I8XYBWK,ID_86d83ph2
2022-04-08 10:51:16.328443+00,NHIF,Bills & Fees,5700,2022-04-08 22:31:00+00,False,,Female,1,10000,ID_40L9OTIM,ID_8ay23fj7
2022-05-31 13:27:24.704992+00,CARREFOUR SRT,Shopping,36990,2021-08-05 16:40:00+00,False,,Male,5,150000,ID_O8P8YS18,ID_8fn42val
2022-05-31 13:21:55.629867+00,JACKSON ANDIVA,Groceries,230,2022-05-04 13:38:00+00,True,,Female,1,23000,ID_Y0386AT9,ID_8fv8uh6p
2022-05-31 13:27:24.704992+00,CAFETERIA AND TIN TIN RESTAURANT,Going out,460,2021-11-24 10:23:00+00,False,,Male,5,150000,ID_O8P8YS18,ID_8jt54jsu
2022-03-16 13:08:19.703288+00,MBAIRES RESTAURANT 6,Groceries,1520,2021-06-20 11:36:00+00,False,,Male,5,750000,ID_D8FOVVBB,ID_8nm4dtf6
2021-12-20 16:47:22.619499+00,EQUITY PAYBILL ACCOUNT,Shopping,1200,2021-12-21 18:48:00+00,True,27.0,Female,2,8000,ID_L8QMYB09,ID_8sb9iq1w
2021-08-06 11:28:03.855344+00,MIKE  KOECH,Groceries,130,2021-08-24 14:53:00+00,True,27.0,Female,2,8000,ID_L8QMYB09,ID_8xyhwvvf
2021-10-25 16:27:55.188211+00,SAMWEL  KIMANI,Miscellaneous,230,2021-10-08 15:29:00+00,True,27.0,Female,2,8000,ID_L8QMYB09,ID_91lgae24
2022-05-31 13:21:55.629867+00,CAROLINE KURIA,Groceries,150,2022-05-23 11:23:00+00,True,,Female,1,23000,ID_Y0386AT9,ID_91tih03g
2022-04-12 15:59:14.139347+00,SKY-GARDEN,Miscellaneous,1100,2022-04-10 10:42:00+00,False,,Male,5,252000,ID_3JA0MAFB,ID_9652c3qj
2021-08-06 11:28:16.846937+00,DR CECILIA,Health,2000,2021-08-28 08:34:00+00,False,,Male,3,200000,ID_ECX9BS4A,ID_96pukl19
2022-06-01 10:23:56.42678+00,GLADYS WANJIRU MWANGI,Shopping,175,2022-06-02 11:09:00+00,False,,Male,5,150000,ID_O8P8YS18,ID_97bvbl0v
2022-04-12 15:57:15.179609+00,EQUITY PAYBILL ACCOUNT,Bills & Fees,1000,2022-04-21 19:46:00+00,True,25.0,Female,4,90000,ID_U9WZMGJZ,ID_97htr871
2022-05-20 14:18:40.136044+00,SAFARICOM OFFERS  TUNUKIWA,Data & WiFi,300,2022-05-26 10:23:00+00,False,,Male,3,10000,ID_ZX4DCF4K,ID_97yh2tdb
2022-06-01 10:23:56.42678+00,PESAPAL,Data & WiFi,100,2022-05-15 13:58:00+00,True,,Male,1,250000,ID_KARF7R4R,ID_98wt6wlp
2022-04-12 15:59:29.101096+00,TEOFILO LIGAWA,Bills & Fees,100,2022-04-28 06:56:00+00,True,,Male,3,10000,ID_ZX4DCF4K,ID_9963yk55
2022-03-16 13:08:19.703288+00,KPLC PREPAID,Bills & Fees,1500,2022-03-24 16:27:00+00,True,,Female,1,250000,ID_OZANC6XT,ID_99txur5t
2021-09-01 02:19:31.317098+00,PESAPAL  FOR,Bills & Fees,1000,2021-09-19 10:25:00+00,False,26.0,Female,1,30000,ID_WO19RXAS,ID_9elz6y9j
2022-04-12 15:59:14.139347+00,KAPS PARKING,Transport & Fuel,200,2021-12-15 15:09:00+00,False,,Male,5,252000,ID_3JA0MAFB,ID_9k4ko05f
2022-05-12 15:46:32.634262+00,M-SHWARI ACCOUNT,Emergency fund,30,2021-09-12 18:45:00+00,False,,Female,3,85000,ID_J8O7LHZ2,ID_9nxpnm91
2022-04-12 15:59:29.101096+00,SAFARICOM OFFERS  TUNUKIWA,Data & WiFi,10,2022-04-14 12:43:00+00,False,,Male,3,10000,ID_ZX4DCF4K,ID_9pass79e
2021-09-01 02:20:12.680427+00,SAMUEL  KIBUI,Transport & Fuel,527,2021-08-29 11:28:00+00,True,25.0,Female,4,90000,ID_U9WZMGJZ,ID_9ph36eg6
2022-06-01 10:23:56.42678+00,KAPS PARKING,Bills & Fees,70,2022-05-30 13:07:00+00,False,,Male,5,150000,ID_O8P8YS18,ID_9t80uam0
2022-04-12 15:59:14.139347+00,KCB PAYBILL AC,Emergency fund,2913,2022-04-12 20:33:00+00,True,,Male,3,10000,ID_ZX4DCF4K,ID_9tfhxqkp
2021-10-05 12:29:13.14963+00,CITAM KITENGELA   OFFERING  ON,Miscellaneous,250,2021-10-13 16:36:00+00,False,25.0,Female,4,90000,ID_U9WZMGJZ,ID_9xyvnsxh
2022-04-12 15:59:14.139347+00,BETH GICHU,Family & Friends,1100,2022-04-09 00:22:00+00,True,,Male,7,350000,ID_3XJU0KQ9,ID_9zg33ydi
2022-03-16 13:08:19.703288+00,SAFARICOM LIMITED,Health,80,2022-03-27 11:38:00+00,False,,Male,3,100000,ID_GAQ3PX9G,ID_a59qq7bf
2022-05-12 15:40:05.951342+00,REPUBLIQOUR HUB,Going out,300,2022-05-30 14:40:00+00,False,,Male,1,150000,ID_A7LQCJFS,ID_a5t6zwla
2021-09-01 02:19:31.317098+00,MORRIS  MULWA,Shopping,2700,2021-09-10 08:44:00+00,True,,Male,3,200000,ID_ECX9BS4A,ID_a6pbspg3
2022-04-12 15:57:05.758311+00,LIPA KARO KCB ACCOUNT,Education,71000,2022-02-04 08:38:00+00,False,,Male,5,252000,ID_3JA0MAFB,ID_a91pnpbp
2022-04-12 15:57:05.758311+00,LEAH NGOGA,Family & Friends,1028,2022-04-17 12:07:00+00,True,,Male,5,252000,ID_3JA0MAFB,ID_abzitug6
2021-12-20 16:47:22.619499+00,CARREFOUR SRT,Groceries,14154,2021-12-22 17:15:00+00,False,,Male,3,200000,ID_ECX9BS4A,ID_adp1ne3i
2021-10-05 12:29:13.14963+00,MBCI   OFFERING  ON,Miscellaneous,1000,2021-10-15 22:01:00+00,False,25.0,Female,4,90000,ID_U9WZMGJZ,ID_aw9ks3oe
2022-04-12 15:57:15.179609+00,SAFARICOM OFFERS  TUNUKIWA,Data & WiFi,10,2022-04-23 02:30:00+00,False,,Male,3,10000,ID_ZX4DCF4K,ID_axut60tr
2021-09-01 02:20:12.680427+00,CARREFOUR SRT,Groceries,4690,2021-09-12 11:39:00+00,False,,Male,3,200000,ID_ECX9BS4A,ID_az2gu53q
2022-05-12 15:40:05.951342+00,M-SHWARI ACCOUNT,Bills & Fees,1000,2022-05-13 13:03:00+00,False,,Male,3,10000,ID_ZX4DCF4K,ID_b5najl3p
2022-06-01 10:25:16.7131+00,DENIS OTIENO,Bills & Fees,20,2022-06-02 19:03:00+00,True,,Female,1,85000,ID_1I8XYBWK,ID_b85xytp3
2022-03-16 13:05:51.851102+00,PETER KENDA,Miscellaneous,200,2021-10-02 18:15:00+00,True,,Female,1,85000,ID_1I8XYBWK,ID_bacmxtyx
2022-04-12 15:59:14.139347+00,ELIVIN KWAMBOKA MOYWAYWA,Bills & Fees,100,2022-04-14 11:45:00+00,False,,Male,3,10000,ID_ZX4DCF4K,ID_bato4kdk
2022-03-16 13:08:19.703288+00,THE SPOT POOL BAR,Groceries,300,2022-02-04 06:33:00+00,False,,Male,1,200000,ID_5Y35KI6Q,ID_bh6lj683
2022-03-10 18:21:31.781487+00,PETER KENDA,Miscellaneous,100,2021-11-05 08:31:00+00,True,,Female,1,85000,ID_1I8XYBWK,ID_bkbqk9sa
2021-12-01 08:30:46.660752+00,IM BANK C2B,Rent / Mortgage,7800,2021-12-09 11:25:00+00,True,,Male,3,200000,ID_ECX9BS4A,ID_bntvaotp
2022-04-08 10:57:13.116409+00,SAFARICOM OFFERS  TUNUKIWA,Data & WiFi,10,2022-04-08 12:38:00+00,False,,Male,3,10000,ID_ZX4DCF4K,ID_bwr06ey1
2022-03-10 18:25:42.112294+00,STATES BARBERSHOP,Shopping,11400,2022-01-14 22:05:00+00,False,,Female,6,1000000,ID_180RJKP4,ID_cadxowa4
2021-10-05 12:29:13.14963+00,CETRICK  MUKALAVAI,Shopping,250,2021-10-04 15:17:00+00,True,,Male,3,200000,ID_ECX9BS4A,ID_ccw7cp2h
2021-08-06 11:28:03.855344+00,CARREFOUR SRT,Groceries,12966,2021-08-11 16:09:00+00,False,,Male,3,200000,ID_ECX9BS4A,ID_cdjgj36h
2022-03-16 13:08:19.703288+00,PETER KENDA,Miscellaneous,100,2021-10-29 16:09:00+00,True,,Female,1,85000,ID_1I8XYBWK,ID_cdupz2cw
2022-04-12 15:59:14.139347+00,OUTSKIRTS PLACE,Transport & Fuel,430,2021-12-22 16:39:00+00,False,,Male,5,252000,ID_3JA0MAFB,ID_cfjso658
2022-06-01 10:25:16.7131+00,M-SHWARI ACCOUNT,Bills & Fees,20,2022-06-02 18:57:00+00,False,,Female,1,60000,ID_UJ0YSYEV,ID_ci7a80s2
2022-03-16 13:05:51.851102+00,NABO CAPITAL LTD C2B,Emergency fund,35,2022-03-25 15:38:00+00,False,27.0,Female,2,8000,ID_L8QMYB09,ID_ciyxutqd
2022-05-30 17:06:43.204499+00,M-SHWARI ACCOUNT,Bills & Fees,1000,2022-05-31 07:30:00+00,False,,Male,3,10000,ID_ZX4DCF4K,ID_cmzj26yj
2022-03-16 13:05:03.450626+00,JOSEPH NTHENGE,Miscellaneous,14462,2022-04-02 13:42:00+00,True,27.0,Female,2,8000,ID_L8QMYB09,ID_cpbk1tlz
2022-05-12 15:40:05.951342+00,WANZA SEKETA,Bills & Fees,20,2022-05-17 13:55:00+00,False,,Male,3,10000,ID_ZX4DCF4K,ID_cr0d38g8
2022-03-16 13:05:51.851102+00,PETER NJOORA KENDA,Miscellaneous,300,2019-06-03 15:26:00+00,True,,Female,1,85000,ID_1I8XYBWK,ID_csmebisv
2022-05-31 13:27:55.17584+00,M-SHWARI ACCOUNT,Bills & Fees,1000,2022-05-31 14:01:00+00,False,,Male,3,10000,ID_ZX4DCF4K,ID_d534oir9
2022-04-12 15:57:15.179609+00,SAFARICOM OFFERS  TUNUKIWA,Data & WiFi,20,2022-04-26 18:45:00+00,False,,Male,3,10000,ID_ZX4DCF4K,ID_d6sudp99
2021-09-01 02:19:31.317098+00,DEEPAL  PATEL,Bills & Fees,1000,2021-09-01 11:38:00+00,True,26.0,Female,1,30000,ID_WO19RXAS,ID_dan3x7ut
2022-03-10 18:21:31.781487+00,OAKS  CORKS - ONLINE,Groceries,3269,2022-01-21 00:45:00+00,False,,Female,6,1000000,ID_180RJKP4,ID_dedsi8s9
2021-11-30 10:52:38.553994+00,QUICK MART,Shopping,3298,2021-06-19 15:05:00+00,False,,,1,10000,ID_R4T8Q46J,ID_dhp3d403
2022-05-04 18:39:01.19219+00,OLIVIA AKINYI,Family & Friends,300,2022-05-12 08:26:00+00,True,,Male,3,10000,ID_ZX4DCF4K,ID_dj9ct2jn
2022-03-16 13:05:51.851102+00,ENVY VIVA CORPORATE,Going out,1000,2021-10-19 17:32:00+00,False,,Female,1,85000,ID_1I8XYBWK,ID_dmupcy50
2022-04-11 16:27:13.588397+00,FATUMA OSORE,Bills & Fees,90,2022-04-12 15:34:00+00,False,,Male,3,10000,ID_ZX4DCF4K,ID_dzbz3oo2
2022-03-16 13:05:51.851102+00,MARY MBUCHA,Groceries,40,2022-03-26 11:06:00+00,True,,Female,1,250000,ID_OZANC6XT,ID_e2rial69
2022-04-12 15:59:14.139347+00,KILELESHWA SUPERSHINE,Miscellaneous,1100,2022-03-19 12:53:00+00,False,,Male,5,252000,ID_3JA0MAFB,ID_e5rg10ow
2022-04-12 15:59:14.139347+00,LEAH NGOGA,Family & Friends,1028,2022-03-28 16:07:00+00,True,,Male,5,252000,ID_3JA0MAFB,ID_e8bztcn8
2021-10-05 12:29:13.14963+00,BRIAN  MUNANGWE,Shopping,1700,2021-10-05 15:04:00+00,True,,Male,3,200000,ID_ECX9BS4A,ID_edc3pv1a
2021-08-06 11:28:16.860332+00,JAVA,Going out,880,2021-08-04 15:03:00+00,False,,Male,3,200000,ID_ECX9BS4A,ID_efpodiwb
2022-03-10 18:21:31.781487+00,ENVY VIVA CORPORATE,Going out,200,2021-10-24 11:23:00+00,False,,Female,1,85000,ID_1I8XYBWK,ID_empo0c4v
2021-09-01 02:20:12.680427+00,NAIVAS SUPERMARKET,Groceries,1790,2021-08-29 16:06:00+00,False,25.0,Female,4,90000,ID_U9WZMGJZ,ID_epd1o4jo
2021-09-01 02:19:31.317098+00,ONESMUS  GAKURU,Miscellaneous,500,2021-09-13 16:57:00+00,True,27.0,Female,2,8000,ID_L8QMYB09,ID_es0m1760
2022-05-12 15:46:32.634262+00,NAIVAS LIFESTYLE,Bills & Fees,167,2022-05-12 16:03:00+00,False,,Male,3,10000,ID_ZX4DCF4K,ID_et0ak1t1
2021-10-05 12:29:13.14963+00,PETROCITY ENTERPRISES LIMITED,Transport & Fuel,2000,2021-10-07 11:49:00+00,False,25.0,Female,4,90000,ID_U9WZMGJZ,ID_eui0n6y4
2022-04-12 15:59:14.139347+00,BAABAX EXPRESS LIMITED,Going out,1370,2022-04-14 20:48:00+00,False,,Male,2,10000,ID_OYT3IDV6,ID_ewspuh77
2022-03-16 13:05:51.851102+00,WINTA WOLDEGABRIEL +254795225400,Groceries,300,2021-08-31 07:04:00+00,False,,Female,1,85000,ID_1I8XYBWK,ID_f2m7eife
2022-04-12 15:57:05.758311+00,PALAZZO LIMITED - PARKING,Transport & Fuel,200,2022-01-13 19:26:00+00,False,,Male,5,252000,ID_3JA0MAFB,ID_f9j13i37
2022-06-01 10:23:56.42678+00,JERUSA OTIENO,Family & Friends,7000,2020-05-10 05:18:00+00,True,,Female,1,85000,ID_1I8XYBWK,ID_fchzei6b
2022-04-12 15:59:14.139347+00,ART MARKET KILELESHWA,Shopping,550,2022-03-23 09:17:00+00,False,,Male,5,252000,ID_3JA0MAFB,ID_fciplmy2
2022-03-16 13:08:19.703288+00,DENIS OTIENO,Bills & Fees,3000,2021-08-28 08:25:00+00,True,,Female,1,85000,ID_1I8XYBWK,ID_fd6ra67o
2021-09-01 02:20:12.680427+00,NAIVAS,Family & Friends,691,2021-09-22 12:56:00+00,False,25.0,Female,4,90000,ID_U9WZMGJZ,ID_fntcympe
2022-04-12 15:57:05.758311+00,SAFARICOM LIMITED,Miscellaneous,75,2022-03-18 09:08:00+00,False,,Male,2,10000,ID_GR569FUO,ID_fnv6kv1p
2021-09-01 02:20:12.680427+00,SAFARICOM POSTPAID,Family & Friends,150,2021-08-26 07:25:00+00,True,26.0,Female,1,30000,ID_WO19RXAS,ID_fvwaovjn
2021-12-01 08:30:46.660752+00,KELVIN OWINO,Health,2500,2021-12-14 13:24:00+00,True,,Male,3,200000,ID_ECX9BS4A,ID_fymiv4jy
2022-06-01 10:23:56.42678+00,TUSKYS -T MALL,Groceries,1535,2019-07-03 16:09:00+00,False,,Female,3,85000,ID_J8O7LHZ2,ID_g8hx94xw
2021-08-06 11:28:03.723042+00,LIBERTY LIFE,Emergency fund,66204,2021-07-29 12:23:00+00,False,,Male,3,200000,ID_ECX9BS4A,ID_gc7nq4n3
2021-09-01 02:20:12.680427+00,KEZIA  NDINI,Family & Friends,2000,2021-09-03 06:23:00+00,True,32.0,Female,3,150000,ID_CVK8ERW1,ID_gemjvvyj
2022-03-16 13:05:51.851102+00,JERUSA OTIENO,Family & Friends,9850,2020-04-06 15:55:00+00,True,,Female,1,85000,ID_1I8XYBWK,ID_gi3t1mj5
2022-04-12 15:59:14.139347+00,DESMOND MATIMU,Groceries,30000,2022-04-24 17:34:00+00,True,,Male,3,100000,ID_GAQ3PX9G,ID_gip7s5f6
2022-04-08 10:57:52.718675+00,VINCENT KARIUKI MBURU,Going out,300,2022-04-11 16:02:00+00,False,,Male,2,10000,ID_OYT3IDV6,ID_gjd7v8nr
2021-10-25 16:18:38.586837+00,EQUITY PAYBILL ACCOUNT,Bills & Fees,2000,2021-10-23 19:42:00+00,True,25.0,Female,4,90000,ID_U9WZMGJZ,ID_gmxmk36o
2022-05-31 13:27:24.704992+00,GLADYS MAURINE,Family & Friends,16000,2021-10-21 04:28:00+00,True,,Male,5,150000,ID_O8P8YS18,ID_gp907v34
2021-08-06 11:28:03.954322+00,SAFARICOM LIMITED,Data & WiFi,99,2021-08-03 06:18:00+00,False,,Male,3,200000,ID_ECX9BS4A,ID_h05c4k8l
2021-10-25 16:27:55.188211+00,SAMWEL  KIMANI,Miscellaneous,230,2021-10-09 08:53:00+00,True,27.0,Female,2,8000,ID_L8QMYB09,ID_h0jy5nru
2022-03-16 13:05:51.851102+00,NAIROBI WATER  SEWERAGE CO LTD,Bills & Fees,755,2021-09-06 07:45:00+00,False,,Female,1,85000,ID_1I8XYBWK,ID_h2oxvy6n
2022-05-31 13:27:24.704992+00,METROMART LTD,Shopping,2620,2022-05-15 17:56:00+00,False,,Male,1,250000,ID_KARF7R4R,ID_h69u8rjd
2022-05-31 13:27:24.704992+00,M-SHWARI ACCOUNT,Emergency fund,150000,2022-03-27 14:33:00+00,False,,Male,1,250000,ID_KARF7R4R,ID_hazrvxzr
2022-03-16 13:08:19.703288+00,SAFARICOM HOME,Data & WiFi,4100,2021-09-01 04:08:00+00,False,,Male,5,750000,ID_D8FOVVBB,ID_hc0yi1i7
2021-10-25 16:27:55.188211+00,TOTALENERGIES MACHAKOS,Shopping,500,2021-11-03 07:52:00+00,False,27.0,Female,2,8000,ID_L8QMYB09,ID_hctylt1d
2022-03-16 13:05:51.851102+00,PAYTECH -THE JUNCTION MALL,Transport & Fuel,60,2022-03-12 16:52:00+00,False,,Male,5,750000,ID_D8FOVVBB,ID_hea3x1y9
2021-10-05 12:45:58.000193+00,HUHUS PIZZA LIMITED HO,Going out,450,2021-10-20 14:13:00+00,False,25.0,Female,4,90000,ID_U9WZMGJZ,ID_hkrmh1pl
2022-03-16 13:05:51.851102+00,GOODLIFE PHARMACY -SARIT CENTRE 2,Health,147,2022-03-27 12:26:00+00,False,,Female,1,250000,ID_OZANC6XT,ID_hl2nncer
2022-04-12 15:59:14.139347+00,OWETTE DISHES,Going out,360,2021-06-02 09:12:00+00,False,,Male,5,252000,ID_3JA0MAFB,ID_ho8ytoyr
2021-08-06 11:28:16.857538+00,VICTOR  WAWERU,Shopping,1500,2021-08-28 11:34:00+00,True,,Male,3,200000,ID_ECX9BS4A,ID_hwbl82ba
2022-03-16 13:05:51.851102+00,FAHARI RETIREMENT PLAN,Emergency fund,10000,2022-03-27 16:27:00+00,True,,Female,1,250000,ID_OZANC6XT,ID_hwuhzz6a
2022-05-04 18:37:59.899018+00,FLORENCE KANANA,Bills & Fees,60,2022-05-09 14:54:00+00,False,,Male,3,10000,ID_ZX4DCF4K,ID_i2yn13pm
2022-05-31 13:27:24.704992+00,JULLY AKIN,Groceries,300,2022-05-12 19:07:00+00,True,,Female,1,23000,ID_Y0386AT9,ID_i31ugjh3
2022-05-31 13:21:55.629867+00,JACKSON ANDIVA,Groceries,220,2022-05-12 13:31:00+00,True,,Female,1,23000,ID_Y0386AT9,ID_i93vqjml
2022-03-16 13:05:51.851102+00,TELKOM KENYA LIMITED,Data & WiFi,100,2019-07-03 07:31:00+00,True,,Female,1,85000,ID_1I8XYBWK,ID_i9drec69
2022-03-16 13:08:19.703288+00,TOTAL K STATE HOUSE 1,Transport & Fuel,300,2021-11-18 11:02:00+00,False,,Female,1,85000,ID_1I8XYBWK,ID_iabzbcw4
2022-06-01 10:23:56.42678+00,JERUSA A OTIENO,Family & Friends,50000,2019-09-01 17:42:00+00,True,,Female,1,85000,ID_1I8XYBWK,ID_idn7nt4k
2022-03-16 13:08:19.703288+00,JIMMIE WAIRIMU,Bills & Fees,40000,2019-03-11 05:38:00+00,True,,Female,1,10000,ID_40L9OTIM,ID_irnbaw9h
2022-03-16 13:07:12.505595+00,SAFARICOM OFFERS  TUNUKIWA,Data & WiFi,400,2022-04-02 06:59:00+00,False,,Female,1,250000,ID_OZANC6XT,ID_ium86hr8
2022-03-16 13:08:19.703288+00,FLORENCE KANANA,Bills & Fees,60,2022-04-05 15:03:00+00,False,,Male,3,10000,ID_ZX4DCF4K,ID_iyt3uom4
2021-10-05 12:29:13.14963+00,CITAM BUSINESS FORUM   CBF ON,Education,1500,2021-10-19 09:02:00+00,False,25.0,Female,4,90000,ID_U9WZMGJZ,ID_iz8r11c8
2022-05-13 06:55:53.403538+00,M-SHWARI ACCOUNT,Bills & Fees,1000,2022-05-15 08:30:00+00,False,,Male,3,10000,ID_ZX4DCF4K,ID_j630r1dy
2022-02-23 13:37:55.038678+00,NAIVAS AGA KHAN WALK,Shopping,90,2021-11-19 11:06:00+00,False,,Female,1,85000,ID_1I8XYBWK,ID_j7hzh8wy
2022-05-31 13:27:24.704992+00,RAPHAEL MWANGI,Groceries,300,2020-01-23 12:40:00+00,True,,Female,1,85000,ID_1I8XYBWK,ID_j7ja1keg
2022-04-12 15:59:14.139347+00,ZILLIONS CREDIT LIMITED,Loan Repayment,2000,2022-01-28 13:05:00+00,False,,Male,5,252000,ID_3JA0MAFB,ID_jcxxi7a4
2022-03-16 13:05:51.851102+00,CRAFT - CHUPA CHAP,Going out,4730,2022-01-06 21:26:00+00,False,,Female,1,10000,ID_40L9OTIM,ID_jic1npkj
2022-04-12 15:59:14.139347+00,APS ABC PARKING,Transport & Fuel,50,2022-04-14 10:42:00+00,False,,Male,5,252000,ID_3JA0MAFB,ID_jncwijbh
2022-06-01 10:25:16.7131+00,EQUITY PAYBILL ACCOUNT,Bills & Fees,50000,2022-06-05 17:33:00+00,True,25.0,Female,4,90000,ID_U9WZMGJZ,ID_jne2tqyl
2022-05-12 15:46:32.634262+00,ARNELLE OMONDI,Family & Friends,500,2022-05-18 15:46:00+00,True,,Male,3,10000,ID_ZX4DCF4K,ID_jnz6a69t
2022-04-12 15:57:05.758311+00,ONAIRES CATERERS,Family & Friends,100,2022-04-14 11:51:00+00,False,,Male,3,10000,ID_ZX4DCF4K,ID_js46768k
2022-04-12 15:59:14.139347+00,JOSEPH MATENGE,Bills & Fees,10,2022-04-27 13:29:00+00,True,,Male,3,10000,ID_ZX4DCF4K,ID_jy64wiic
2021-10-25 16:27:55.188211+00,PATRICK  MUNYAO,Family & Friends,2028,2021-09-30 09:14:00+00,True,25.0,Female,4,90000,ID_U9WZMGJZ,ID_k7ryy13v
2022-04-12 15:57:05.758311+00,NAIVAS LIFESTYLE,Shopping,353,2022-03-27 14:00:00+00,False,,Male,2,10000,ID_GR569FUO,ID_k8xprvmz
2022-05-31 13:27:24.704992+00,VENDIT LIMITED,Bills & Fees,1000,2022-04-06 07:31:00+00,True,,Male,1,250000,ID_KARF7R4R,ID_kaklxo84
2022-05-31 13:27:24.704992+00,GITHUNGURI SELFRIDGES SUPERMARKET,Groceries,835,2022-05-01 12:59:00+00,False,,Female,1,23000,ID_Y0386AT9,ID_kd74ej2n
2022-06-01 10:25:16.7131+00,M-SHWARI ACCOUNT,Emergency fund,9000,2022-06-02 15:23:00+00,False,,Female,1,60000,ID_UJ0YSYEV,ID_kha3y1w3
2022-04-12 15:57:05.758311+00,JAVA CIATA MALL,Going out,910,2022-02-22 10:49:00+00,False,,Male,5,252000,ID_3JA0MAFB,ID_khexvkgd
2022-04-12 15:59:14.139347+00,RAPHAEL OWAKO,Family & Friends,1500,2022-03-16 07:10:00+00,True,,Male,5,252000,ID_3JA0MAFB,ID_kioqux68
2022-03-16 13:08:19.703288+00,TELKOM KENYA LIMITED,Data & WiFi,100,2019-06-20 08:41:00+00,True,,Female,1,85000,ID_1I8XYBWK,ID_knsvgbug
2021-11-26 08:29:58.261766+00,MARSH WAVOMBA,Family & Friends,2000,2021-11-29 07:46:00+00,True,,Male,3,200000,ID_ECX9BS4A,ID_ko44dsu5
2022-03-16 13:05:51.851102+00,ELIZABETH NYAMBURA,Groceries,100,2021-09-15 12:02:00+00,True,,Female,1,85000,ID_1I8XYBWK,ID_krwpffy0
2021-10-25 16:27:55.188211+00,LANGATA CREAMY,Going out,200,2021-09-28 14:26:00+00,False,25.0,Female,4,90000,ID_U9WZMGJZ,ID_kuxab1tj
2022-03-16 13:08:19.703288+00,PETER KENDA,Miscellaneous,100,2021-10-08 11:07:00+00,True,,Female,1,85000,ID_1I8XYBWK,ID_kx1mw2c1
2022-03-16 13:07:12.505595+00,FISH BAY,Groceries,430,2022-03-30 11:04:00+00,False,,Male,1,200000,ID_5Y35KI6Q,ID_kzsqrnba
2022-04-12 15:59:14.139347+00,TEOFILO LIGAWA,Bills & Fees,100,2022-04-13 08:07:00+00,True,,Male,3,10000,ID_ZX4DCF4K,ID_l3etr73o
2021-10-05 12:29:13.14963+00,PETROCITY ENTERPRISES LIMITED,Transport & Fuel,700,2021-10-16 09:30:00+00,False,25.0,Female,4,90000,ID_U9WZMGJZ,ID_l4pxa9o2
2022-05-04 18:39:01.19219+00,LOICE OBANDA OTIENO,Bills & Fees,20,2022-05-11 15:11:00+00,False,,Male,3,10000,ID_ZX4DCF4K,ID_l70apg88
2021-10-25 16:27:55.188211+00,ASL TD,Shopping,320,2021-11-03 09:35:00+00,False,27.0,Female,2,8000,ID_L8QMYB09,ID_l848d5ua
2021-09-01 02:20:12.680427+00,JACKLINE  OMOLO,Bills & Fees,10000,2021-09-23 12:28:00+00,True,,Male,3,200000,ID_ECX9BS4A,ID_l86kp94l
2022-06-01 10:23:56.42678+00,CEDRIC OCHOLA,Family & Friends,5000,2022-04-09 16:24:00+00,True,,Male,1,250000,ID_KARF7R4R,ID_ldsbtzlw
2021-12-01 08:33:13.82067+00,OILIBYA WAIYAKI,Transport & Fuel,7600,2021-07-30 03:23:00+00,False,,Male,3,200000,ID_ECX9BS4A,ID_lfguw2kp
2022-03-16 13:05:51.851102+00,ELIZABETH NYAMBURA,Groceries,300,2021-07-21 14:36:00+00,True,,Female,1,85000,ID_1I8XYBWK,ID_lfithfmn
2022-05-31 13:21:55.629867+00,JACKSON ANDIVA,Groceries,360,2022-04-20 12:07:00+00,True,,Female,1,23000,ID_Y0386AT9,ID_lgfmgedz
2022-04-12 15:59:14.139347+00,NCBA LOOP,Loan Repayment,3000,2022-04-27 12:51:00+00,True,,Male,1,60000,ID_BMPPYJ2U,ID_lmkl98u8
2022-04-12 15:57:05.758311+00,VITAMIX FRESH FRUITS AND JUICES,Bills & Fees,50,2022-04-14 16:42:00+00,False,,Male,3,10000,ID_ZX4DCF4K,ID_ltifbwgm
2022-02-23 13:37:55.038678+00,PETER KENDA,Miscellaneous,100,2021-11-29 15:40:00+00,True,,Female,1,85000,ID_1I8XYBWK,ID_ltrjp0rq
2022-03-16 13:05:51.851102+00,TELKOM KENYA LIMITED,Data & WiFi,100,2019-06-20 08:41:00+00,True,,Female,1,85000,ID_1I8XYBWK,ID_ltunpaxl
2022-04-12 15:57:05.758311+00,TOTAL - KIAMBU ROAD,Transport & Fuel,2000,2022-02-20 09:11:00+00,False,,Male,5,252000,ID_3JA0MAFB,ID_luqpwhku
2022-04-08 10:56:46.107675+00,MOFFAT OMWENO,Miscellaneous,50,2022-04-09 11:11:00+00,True,,Male,3,10000,ID_ZX4DCF4K,ID_luv5l99r
2022-03-16 13:08:19.703288+00,ALCHEMIIST - LEGEND BAR,Going out,2350,2022-03-19 21:16:00+00,False,,Male,1,200000,ID_5Y35KI6Q,ID_lv04w319
2022-04-12 15:59:29.101096+00,FATUMA OSORE,Bills & Fees,90,2022-04-28 15:13:00+00,False,,Male,3,10000,ID_ZX4DCF4K,ID_lw3frgel
2022-02-23 13:31:09.552091+00,KRA - NAIROBI COUNTY REVENUE,Transport & Fuel,50,2021-11-19 11:23:00+00,False,,Female,1,85000,ID_1I8XYBWK,ID_lw9acmay
2022-06-01 10:23:56.42678+00,FARMERS BUTCHERY,Groceries,800,2021-11-14 16:32:00+00,False,,Male,5,150000,ID_O8P8YS18,ID_lx5r9h50
2021-09-01 02:19:31.317098+00,CARREFOUR SRT,Groceries,5588,2021-09-27 15:54:00+00,False,,Male,3,200000,ID_ECX9BS4A,ID_menrlbzz
2022-04-12 15:59:14.139347+00,KUNE FOOD LAB KENYA LIMITED,Going out,800,2022-04-05 09:19:00+00,False,,Male,5,252000,ID_3JA0MAFB,ID_mhimjvcd
2022-03-16 13:05:51.851102+00,SAFARICOM LIMITED,Data & WiFi,2000,2020-03-24 10:10:00+00,False,,Female,1,250000,ID_OZANC6XT,ID_mhvv202x
2021-10-05 12:45:58.000193+00,QUENSIN  ROHEYIA,Family & Friends,5000,2021-10-02 14:16:00+00,True,,Male,3,200000,ID_ECX9BS4A,ID_mjt847yf
2022-05-04 18:37:59.629671+00,KENNEDY MUREITHI,Bills & Fees,150,2022-05-12 05:50:00+00,True,,Male,3,10000,ID_ZX4DCF4K,ID_mx2uba8o
2022-06-01 10:23:56.42678+00,MELISA ANYONJE MALALA,Family & Friends,230,2019-03-25 09:46:00+00,True,,Female,3,85000,ID_J8O7LHZ2,ID_n017f6dd
2022-05-31 13:21:55.629867+00,NHIF,Health,500,2022-05-25 10:00:00+00,False,,Female,1,23000,ID_Y0386AT9,ID_n3lpdcec
2021-11-30 10:51:36.702996+00,MOSES NGURE,Shopping,4000,2021-11-30 08:24:00+00,True,,Male,3,200000,ID_ECX9BS4A,ID_n53b3uzo
2022-03-10 18:25:42.112294+00,MICHAEL ACHOCHI,Transport & Fuel,50,2021-11-19 11:24:00+00,True,,Female,1,85000,ID_1I8XYBWK,ID_nd08p0c3
2022-04-12 15:57:05.758311+00,TOTALENERGIES ATHI RIVER 1,Transport & Fuel,1000,2021-12-22 12:13:00+00,False,,Male,5,252000,ID_3JA0MAFB,ID_njc92d2x
2022-03-16 13:05:51.851102+00,NHIF,Bills & Fees,5700,2022-03-07 20:16:00+00,False,,Female,1,10000,ID_40L9OTIM,ID_nr6i5g6k
2022-03-16 13:05:51.851102+00,TUSKYS -CHAP CHAP THIGIRI,Going out,3486,2018-12-05 09:36:00+00,False,,Female,1,10000,ID_40L9OTIM,ID_nrceioft
2021-12-01 08:30:46.660752+00,KENGELES-GARDEN BAR,Going out,2040,2021-12-02 18:37:00+00,False,,Male,3,200000,ID_ECX9BS4A,ID_nts4dyn8
2022-04-08 10:56:46.107675+00,SAFARICOM HOME,Data & WiFi,4100,2022-04-09 07:11:00+00,False,,Male,2,10000,ID_OYT3IDV6,ID_nyq44cn8
2022-05-31 13:21:55.629867+00,KAPS PARKING,Miscellaneous,100,2022-05-14 19:00:00+00,False,,Female,1,23000,ID_Y0386AT9,ID_o4dnv6ws
2022-04-12 15:57:05.758311+00,NAIROBI JAVA HOUSE SARIT CENTRE,Going out,550,2022-01-21 11:29:00+00,False,,Male,5,252000,ID_3JA0MAFB,ID_o5obpk6j
2022-02-23 13:37:55.038678+00,SEVEN EIGHT SIX BUTCHERY,Groceries,300,2021-11-08 10:31:00+00,False,,Female,1,85000,ID_1I8XYBWK,ID_o9rp42pw
2021-09-01 02:19:31.317098+00,THE ORIGINS,Shopping,800,2021-09-23 14:40:00+00,False,25.0,Female,4,90000,ID_U9WZMGJZ,ID_o9wng9t6
2021-10-25 16:27:55.188211+00,NAIROBI JAVA,Going out,700,2021-09-27 11:18:00+00,False,25.0,Female,4,90000,ID_U9WZMGJZ,ID_ol64pp16
2021-10-05 12:45:58.000193+00,SAFARICOM POST PAID,Data & WiFi,3150,2021-10-18 06:42:00+00,True,25.0,Female,4,90000,ID_U9WZMGJZ,ID_oldn2g4y
2021-09-01 02:20:12.680427+00,CARREFOUR SRT,Groceries,5045,2021-10-01 10:23:00+00,False,,Male,3,200000,ID_ECX9BS4A,ID_on7lxi8p
2022-03-16 13:08:19.703288+00,ELIZABETH NYAMBURA,Groceries,500,2021-06-09 11:10:00+00,True,,Female,1,85000,ID_1I8XYBWK,ID_oqywsup4
2022-04-12 15:57:05.758311+00,LEAH NGOGA,Family & Friends,1428,2022-01-23 10:53:00+00,True,,Male,5,252000,ID_3JA0MAFB,ID_ot0n2bs6
2022-04-12 15:59:29.101096+00,SAFARICOM OFFERS  TUNUKIWA,Data & WiFi,20,2022-04-15 18:31:00+00,False,,Male,3,10000,ID_ZX4DCF4K,ID_ovkkgr1h
2022-04-12 15:59:14.139347+00,TELKOM KENYA LIMITED,Data & WiFi,120,2022-04-12 06:19:00+00,True,,Male,7,350000,ID_3XJU0KQ9,ID_ovv06kiq
2022-04-12 15:59:14.139347+00,BETHSHEBA NYAUNDI,Bills & Fees,100,2022-03-18 07:05:00+00,True,,Male,2,10000,ID_GR569FUO,ID_ovysjnak
2022-03-16 13:08:19.703288+00,DEEJINA LIMITED,Data & WiFi,4800,2022-03-02 08:55:00+00,True,,Male,5,750000,ID_D8FOVVBB,ID_p0c86ilz
2022-06-01 10:23:56.42678+00,VENDIT LIMITED,Bills & Fees,1000,2021-10-20 05:10:00+00,True,,Male,5,150000,ID_O8P8YS18,ID_p0g6jbz3
2022-05-31 13:27:55.17584+00,DENIS OTIENO,Bills & Fees,20,2022-06-02 18:59:00+00,True,,Female,1,60000,ID_UJ0YSYEV,ID_p4wiza8q
2021-10-25 16:29:12.89004+00,ALBERT  MBOGO,Groceries,1080,2021-10-18 14:34:00+00,True,27.0,Female,2,8000,ID_L8QMYB09,ID_p7wlzcwl
2022-05-31 13:27:55.17584+00,M-SHWARI ACCOUNT,Bills & Fees,30,2022-06-02 19:18:00+00,False,,Female,1,85000,ID_1I8XYBWK,ID_phaobqye
2022-05-31 13:27:55.17584+00,SAFARICOM LIMITED,Data & WiFi,100,2022-06-01 08:40:00+00,False,,Male,3,10000,ID_ZX4DCF4K,ID_phrevmyi
2022-04-12 15:59:14.139347+00,HARRISON JUMA AYUAK,Going out,60,2022-03-27 16:30:00+00,False,,Male,2,10000,ID_GR569FUO,ID_pi2zi84f
2022-03-10 18:25:42.112294+00,PETER KENDA,Miscellaneous,100,2021-11-01 08:56:00+00,True,,Female,1,85000,ID_1I8XYBWK,ID_pi5pea3r
2022-04-12 15:59:14.139347+00,SAFARICOM HOME,Data & WiFi,4100,2022-02-09 04:58:00+00,False,,Male,5,252000,ID_3JA0MAFB,ID_piav8ggw
2022-03-16 13:08:19.703288+00,NEBERT GITAU,Transport & Fuel,650,2022-04-07 12:10:00+00,True,,Male,2,10000,ID_OYT3IDV6,ID_pkfxqqwi
2021-10-25 16:18:38.586837+00,PARK N GO,Transport & Fuel,100,2021-10-23 17:46:00+00,False,25.0,Female,4,90000,ID_U9WZMGJZ,ID_pnlwpjct
2022-04-12 15:57:05.758311+00,LILIAN OTIENO,Bills & Fees,10,2022-04-14 10:34:00+00,True,,Male,3,10000,ID_ZX4DCF4K,ID_pr725xga
2022-04-12 15:59:14.139347+00,OLA ENERGY KILIMANI- TYRE PLUS LIMITED,Transport & Fuel,2000,2022-02-26 15:38:00+00,False,,Male,5,252000,ID_3JA0MAFB,ID_ptfg468b
2021-09-01 02:19:31.317098+00,AGGREY  MWANGALE,Bills & Fees,1200,2021-09-11 12:26:00+00,True,,Male,3,200000,ID_ECX9BS4A,ID_pzo61xi8
2021-09-01 02:20:12.680427+00,KPLC PREPAID,Bills & Fees,1000,2021-09-24 10:32:00+00,True,25.0,Female,4,90000,ID_U9WZMGJZ,ID_qi54io4o
2021-09-01 02:20:12.680427+00,MOHAMED  ZIMBA,Miscellaneous,500,2021-09-02 10:32:00+00,True,,Male,3,200000,ID_ECX9BS4A,ID_qjcqsx4y
2021-09-01 02:19:31.317098+00,PAUL  MUASYA,Going out,150,2021-09-17 13:20:00+00,True,26.0,Female,1,30000,ID_WO19RXAS,ID_qjrlcx3n
2022-04-12 15:57:05.758311+00,SHELL ST AUSTINS SERVICES STATION,Transport & Fuel,700,2022-03-23 11:17:00+00,False,,Male,5,252000,ID_3JA0MAFB,ID_qnrp4hba
2022-04-12 15:57:05.758311+00,PAYTECH LIMITED,Transport & Fuel,110,2022-04-29 19:27:00+00,False,,Male,5,252000,ID_3JA0MAFB,ID_qrcsio9x
2022-05-31 13:27:55.17584+00,M-SHWARI ACCOUNT,Bills & Fees,50,2022-06-02 15:25:00+00,False,,Female,1,60000,ID_UJ0YSYEV,ID_qs8zscuq
2021-08-06 11:28:03.723042+00,EQUITY PAYBILL,Shopping,4000,2021-07-25 10:54:00+00,True,,,1,10000,ID_R4T8Q46J,ID_qvgzrt0r
2022-03-16 13:05:51.851102+00,MARIEKA WINES AND SPIRIT,Miscellaneous,400,2022-04-06 10:57:00+00,False,,Male,2,10000,ID_OYT3IDV6,ID_r1k7eufy
2021-10-05 12:29:13.14963+00,CAPTURE ADVENTURES,Bills & Fees,6000,2021-10-16 07:11:00+00,False,25.0,Female,4,90000,ID_U9WZMGJZ,ID_r2trybq4
2021-10-25 16:18:38.586837+00,RUBIS,Transport & Fuel,2000,2021-09-28 18:21:00+00,False,25.0,Female,4,90000,ID_U9WZMGJZ,ID_r51hz6if
2022-04-11 16:27:13.588397+00,SAMWEL KIMANI,Bills & Fees,50,2022-04-12 10:40:00+00,True,,Male,3,100000,ID_GAQ3PX9G,ID_r7vlzh1a
2021-09-01 02:19:31.317098+00,NCBA BANK,Emergency fund,130000,2021-09-02 18:06:00+00,True,,Male,3,200000,ID_ECX9BS4A,ID_ra9t6a8p
2021-12-01 08:33:48.059715+00,KAPS PARKING,Going out,100,2021-12-02 18:57:00+00,False,,Male,3,200000,ID_ECX9BS4A,ID_rhx2s8lw
2022-04-12 15:59:14.139347+00,ERIC CHESI,Bills & Fees,1528,2022-01-12 05:19:00+00,True,,Male,5,252000,ID_3JA0MAFB,ID_rmtab9kn
2022-04-12 15:57:05.758311+00,LEAH NGOGA,Family & Friends,12662,2021-09-05 06:28:00+00,True,,Male,5,252000,ID_3JA0MAFB,ID_rvxsr71f
2021-09-01 02:19:31.317098+00,GREAT IMPACT,Going out,200,2021-09-21 11:23:00+00,False,25.0,Female,4,90000,ID_U9WZMGJZ,ID_s3w3vjqk
2022-03-10 18:21:31.781487+00,PETER KENDA,Miscellaneous,100,2021-11-04 11:57:00+00,True,,Female,1,85000,ID_1I8XYBWK,ID_s4nccz2b
2022-04-12 15:57:05.758311+00,KILELESHWA SUPERSHINE,Transport & Fuel,700,2022-01-15 11:50:00+00,False,,Male,5,252000,ID_3JA0MAFB,ID_s4njd7oo
2022-06-01 10:23:56.42678+00,COLLINS OUMA,Family & Friends,60,2022-05-21 16:52:00+00,True,,Male,1,250000,ID_KARF7R4R,ID_s6j8e8oz
2022-06-01 10:25:16.7131+00,RIO GIFT SHOP,Miscellaneous,2500,2022-06-06 10:45:00+00,False,,Female,1,23000,ID_Y0386AT9,ID_sgw3a4jj
2021-10-05 12:29:36.542506+00,KPLC PREPAID,Bills & Fees,1000,2021-10-07 10:38:00+00,True,25.0,Female,4,90000,ID_U9WZMGJZ,ID_slw8kch4
2022-03-16 13:05:51.851102+00,JOHN NJIRU GAKUNJU,Miscellaneous,400,2021-10-11 17:12:00+00,False,,Female,1,85000,ID_1I8XYBWK,ID_slxs57u6
2022-04-12 15:57:05.758311+00,LEAH NGOGA,Family & Friends,4067,2022-02-06 10:50:00+00,True,,Male,5,252000,ID_3JA0MAFB,ID_srzykljv
2022-04-12 15:59:14.139347+00,TOTAL - KIAMBU ROAD,Transport & Fuel,1000,2022-01-23 08:53:00+00,False,,Male,5,252000,ID_3JA0MAFB,ID_sy94s4sr
2022-06-01 10:25:16.7131+00,CHRISTINE OOKO,Miscellaneous,500,2022-06-06 08:07:00+00,True,,Female,1,23000,ID_Y0386AT9,ID_t0a14rwr
2022-04-12 15:57:05.758311+00,SAFARICOM OFFERS  TUNUKIWA,Miscellaneous,15,2022-03-14 08:21:00+00,False,,Male,2,10000,ID_GR569FUO,ID_t57ughwb
2022-05-31 13:27:24.704992+00,NHIF,Health,1000,2022-05-25 10:22:00+00,False,,Female,1,23000,ID_Y0386AT9,ID_t8hpo5yi
2022-04-12 15:57:05.758311+00,SAFARICOM LIMITED,Miscellaneous,20,2022-03-15 10:00:00+00,False,,Male,2,10000,ID_GR569FUO,ID_tam5gj4o
2022-04-12 15:57:15.179609+00,FATUMA OSORE,Bills & Fees,90,2022-04-26 13:37:00+00,False,,Male,3,10000,ID_ZX4DCF4K,ID_tan4z8wa
2021-12-01 08:33:13.82067+00,FAMILY BANK PESA PAP,Family & Friends,10000,2021-12-05 07:20:00+00,True,,Male,3,200000,ID_ECX9BS4A,ID_tch4ot6u
2022-04-12 15:57:05.758311+00,LEAH NGOGA,Family & Friends,1028,2022-03-19 11:06:00+00,True,,Male,5,252000,ID_3JA0MAFB,ID_tj1iagp2
2022-03-16 13:05:51.851102+00,JOSEPHINE THUKU,Miscellaneous,1000,2021-10-19 17:27:00+00,True,,Female,1,85000,ID_1I8XYBWK,ID_torbyzcu
2022-04-12 15:57:05.758311+00,KUNE FOOD LAB KENYA LIMITED,Going out,406,2022-02-08 09:51:00+00,False,,Male,5,252000,ID_3JA0MAFB,ID_tq81ysjh
2022-03-16 13:05:51.851102+00,NIMROD MWATELA,Family & Friends,350,2020-08-01 08:03:00+00,True,,Female,1,250000,ID_OZANC6XT,ID_trsadi7o
2022-06-01 10:25:16.7131+00,SAFARICOM OFFERS  TUNUKIWA,Data & WiFi,50,2022-06-05 17:12:00+00,False,,Male,1,60000,ID_BMPPYJ2U,ID_twx5rykk
2021-11-30 10:52:38.553994+00,NAOMI  WANJOHI,Family & Friends,1028,2021-05-13 14:28:00+00,True,,,1,10000,ID_R4T8Q46J,ID_u02b0hl6
2021-10-05 12:29:13.14963+00,ROBERT KARIUKI,Bills & Fees,280,2021-10-09 17:56:00+00,False,25.0,Female,4,90000,ID_U9WZMGJZ,ID_ubnf6vyv
2022-04-12 15:57:05.758311+00,MAMBO ITALIA-LAVINGTON,Going out,2590,2021-12-17 18:51:00+00,False,,Male,5,252000,ID_3JA0MAFB,ID_ur37tb4c
2021-11-30 10:51:36.702996+00,POA,Data & WiFi,1500,2021-07-21 17:46:00+00,False,,,1,10000,ID_R4T8Q46J,ID_uvhgthza
2021-08-06 11:28:16.860332+00,ZUKU  FOR,Data & WiFi,6100,2021-08-08 07:11:00+00,False,,Male,3,200000,ID_ECX9BS4A,ID_uxopkw2d
2022-05-31 13:27:24.704992+00,RODGERS SIMIYU,Miscellaneous,250,2022-06-06 14:55:00+00,True,,Female,1,23000,ID_Y0386AT9,ID_v0i75j4j
2022-06-01 10:23:56.42678+00,PESAPAL,Data & WiFi,100,2022-01-10 03:04:00+00,True,,Male,5,150000,ID_O8P8YS18,ID_v1mmpz0s
2021-09-01 02:20:12.680427+00,SAFARICOM POST,Data & WiFi,2100,2021-09-08 05:56:00+00,True,26.0,Female,1,30000,ID_WO19RXAS,ID_v1xivgjy
2022-03-16 13:05:51.851102+00,JERUSA A OTIENO,Family & Friends,65000,2019-12-31 12:25:00+00,True,,Female,1,85000,ID_1I8XYBWK,ID_v5vvhhsz
2022-03-10 18:25:42.112294+00,RAPHAEL MWANGI,Groceries,100,2021-11-19 11:59:00+00,True,,Female,1,85000,ID_1I8XYBWK,ID_v72vgbwk
2022-05-31 13:27:24.704992+00,JACKSON ANDIVA,Groceries,80,2022-05-04 13:42:00+00,True,,Female,1,23000,ID_Y0386AT9,ID_v7wy9rsx
2022-03-16 13:08:19.703288+00,PETER NJOORA KENDA,Miscellaneous,300,2019-12-27 09:04:00+00,True,,Female,1,85000,ID_1I8XYBWK,ID_v975c14q
2022-05-12 15:46:32.634262+00,PETER KENDA,Miscellaneous,100,2022-05-29 10:31:00+00,True,,Female,3,85000,ID_J8O7LHZ2,ID_vahqky4z
2022-02-23 13:31:09.552091+00,PIZZA IN BELLEVUE,Going out,1000,2021-11-29 16:12:00+00,False,,Female,1,85000,ID_1I8XYBWK,ID_vbumlyqs
2021-09-01 02:20:12.680427+00,ESTHER  NDIRITU,Emergency fund,15000,2021-09-03 06:24:00+00,True,32.0,Female,3,150000,ID_CVK8ERW1,ID_vchfvilg
2022-05-13 06:55:53.403538+00,SAFARICOM POST PAID,Bills & Fees,1050,2022-05-02 13:09:00+00,True,,Male,5,750000,ID_D8FOVVBB,ID_vcxnmtnx
2022-03-16 13:05:51.851102+00,LEILA KAINGU,Going out,680,2020-11-20 10:48:00+00,True,,Female,1,250000,ID_OZANC6XT,ID_vdiwtgbl
2022-06-01 10:25:16.7131+00,EQUITY PAYBILL ACCOUNT,Emergency fund,1200,2022-06-02 08:19:00+00,True,,Female,1,23000,ID_Y0386AT9,ID_vfi10o8u
2021-12-01 08:33:13.82067+00,JAVA,Going out,880,2021-08-04 15:03:00+00,False,,Male,3,200000,ID_ECX9BS4A,ID_vmy2bhah
2022-05-12 15:46:32.634262+00,TOTAL K STATE HOUSE- SHOP,Groceries,370,2022-05-29 05:26:00+00,False,,Female,3,85000,ID_J8O7LHZ2,ID_vw1juecd
2021-10-25 16:27:55.188211+00,NAIVAS KITENGELA,Groceries,1499,2021-10-27 15:41:00+00,False,25.0,Female,4,90000,ID_U9WZMGJZ,ID_w0dounyf
2021-12-01 08:30:46.660752+00,SAFARICOM LIMITED,Data & WiFi,500,2021-01-15 15:40:00+00,False,,Male,3,200000,ID_ECX9BS4A,ID_w12ria65
2022-03-10 18:21:31.781487+00,IM BANK C2B,Bills & Fees,68000,2022-02-07 16:15:00+00,True,,Female,6,1000000,ID_180RJKP4,ID_w3b071bu
2022-05-12 15:46:32.634262+00,KUNE FOOD LAB KENYA LIMITED,Miscellaneous,440,2022-04-28 11:22:00+00,False,,Male,5,750000,ID_D8FOVVBB,ID_wax2ym8b
2022-03-16 13:08:19.703288+00,JOHN NJIRU GAKUNJU,Miscellaneous,400,2021-10-11 17:12:00+00,False,,Female,1,85000,ID_1I8XYBWK,ID_wdgm3rzo
2022-03-16 13:08:19.703288+00,KEMAHMWA ENTERPRISE HQ,Groceries,180,2022-04-01 06:08:00+00,False,,Female,1,250000,ID_OZANC6XT,ID_we56bbtu
2021-11-03 14:49:24.05659+00,MIKE  KOECH,Groceries,130,2021-08-24 14:53:00+00,True,27.0,Female,2,8000,ID_L8QMYB09,ID_whbkraxr
2022-05-31 13:27:55.17584+00,CEDRIC OCHOLA,Family & Friends,400,2022-05-23 08:33:00+00,True,,Male,5,150000,ID_O8P8YS18,ID_wnqtpux0
2022-04-12 15:57:05.758311+00,NELLY BIKUNDO,Family & Friends,100,2022-04-17 12:35:00+00,True,,Male,2,10000,ID_GR569FUO,ID_wwr1bz4v
2022-04-12 15:59:14.139347+00,KILELESHWA WARD NEIGHBORHOOD ASSOCIATION  KIWANA,Bills & Fees,1000,2022-04-02 09:40:00+00,False,,Male,5,252000,ID_3JA0MAFB,ID_wzdnhner
2022-04-12 15:57:05.758311+00,TOTAL ENERGIES KILELESHWA-LEMPIRAS LIMITED,Transport & Fuel,2000,2022-02-28 15:41:00+00,False,,Male,5,252000,ID_3JA0MAFB,ID_x1wo1dg3
2022-04-12 15:57:05.758311+00,SAFARICOM POSTPAID BUNDLES,Data & WiFi,2100,2022-02-25 07:47:00+00,True,,Male,5,252000,ID_3JA0MAFB,ID_x2ft60hx
2022-03-16 13:08:19.703288+00,KPLC PREPAID,Bills & Fees,2000,2022-03-05 20:34:00+00,True,,Male,5,750000,ID_D8FOVVBB,ID_x30uztg5
2021-09-01 02:20:12.680427+00,NAIVAS,Groceries,791,2021-09-17 09:38:00+00,False,,Male,3,200000,ID_ECX9BS4A,ID_x64tjggv
2021-09-01 02:19:31.317098+00,SHOP AND,Going out,4110,2021-09-03 16:00:00+00,False,,Male,3,200000,ID_ECX9BS4A,ID_xe4hxa1e
2022-03-16 13:08:19.703288+00,SAFARICOM OFFERS  TUNUKIWA,Data & WiFi,400,2022-01-14 06:38:00+00,False,,Female,1,250000,ID_OZANC6XT,ID_xfmjf4f8
2022-05-31 13:27:24.704992+00,VENDIT LIMITED,Bills & Fees,300,2022-06-02 07:53:00+00,True,,Male,5,150000,ID_O8P8YS18,ID_xh2j53tx
2022-03-16 13:08:19.703288+00,SAFARICOM OFFERS  TUNUKIWA,Data & WiFi,10,2022-04-03 05:57:00+00,False,,Male,3,10000,ID_ZX4DCF4K,ID_xhccfny7
2022-03-16 13:05:51.851102+00,TOTAL K STATE HOUSE 1,Groceries,300,2021-11-18 11:02:00+00,False,,Female,1,85000,ID_1I8XYBWK,ID_xnrwzo61
2022-04-12 15:59:14.139347+00,NIFTY TIGONI LIMITED,Going out,1600,2022-02-06 11:30:00+00,False,,Male,5,252000,ID_3JA0MAFB,ID_xwakqzw7
2021-09-01 02:19:31.317098+00,CARREFOUR SRT,Groceries,4576,2021-09-13 11:03:00+00,False,,Male,3,200000,ID_ECX9BS4A,ID_xxh05mpf
2022-03-10 18:25:42.112294+00,RAPHAEL MWANGI,Groceries,100,2021-11-08 11:41:00+00,True,,Female,1,85000,ID_1I8XYBWK,ID_y16pf9mb
2022-05-31 13:27:55.17584+00,SAFARICOM OFFERS  TUNUKIWA,Data & WiFi,20,2022-05-31 14:57:00+00,False,,Male,3,10000,ID_ZX4DCF4K,ID_y7cru2rw
2022-04-12 15:57:05.758311+00,LEAH NGOGA,Family & Friends,1028,2022-03-26 07:36:00+00,True,,Male,5,252000,ID_3JA0MAFB,ID_y8dozndv
2022-03-16 13:08:19.703288+00,SAFARICOM POSTPAID BUNDLES,Data & WiFi,2100,2022-01-02 14:46:00+00,False,,Female,1,10000,ID_40L9OTIM,ID_yb761p1e
2022-03-16 13:08:19.703288+00,SAFARICOM HOME,Data & WiFi,2900,2019-07-10 04:46:00+00,False,,Female,1,85000,ID_1I8XYBWK,ID_yebvi84m
2022-03-16 13:08:19.703288+00,KEMAHMWA ENTERPRISE HQ,Groceries,80,2022-03-31 05:48:00+00,False,,Female,1,250000,ID_OZANC6XT,ID_yfx37t1i
2022-03-16 13:05:51.851102+00,JIMMIE WAIRIMU,Bills & Fees,40000,2019-03-11 05:38:00+00,True,,Female,1,10000,ID_40L9OTIM,ID_yg77gagk
2022-05-31 13:27:24.704992+00,DENIS OCHIENG OTIENO,Bills & Fees,1500,2019-07-16 16:39:00+00,True,,Female,3,85000,ID_J8O7LHZ2,ID_yiomgl3r
2022-05-31 13:27:24.704992+00,PETER KENDA,Miscellaneous,200,2020-05-29 08:09:00+00,True,,Female,1,85000,ID_1I8XYBWK,ID_yoxevui4
2021-12-01 08:30:46.660752+00,AUDRINE  MAKAKA,Family & Friends,150000,2020-10-04 21:29:00+00,True,,Male,3,200000,ID_ECX9BS4A,ID_yq23etei
2022-05-12 15:40:40.039879+00,KPLC PREPAID,Bills & Fees,2000,2022-04-29 05:16:00+00,True,,Male,5,750000,ID_D8FOVVBB,ID_yr05a37g
2021-11-30 10:51:36.702996+00,MIRIAM  MUNGAI,Family & Friends,1600,2021-06-11 18:25:00+00,True,,,1,10000,ID_R4T8Q46J,ID_yxz5etfz
2022-06-01 10:25:16.7131+00,CEDRIC OCHOLA,Family & Friends,600,2022-04-10 07:29:00+00,True,,Male,5,150000,ID_O8P8YS18,ID_z3hirnr8
2022-04-12 15:59:14.139347+00,SAFARICOM POST PAID,Data & WiFi,3710,2022-02-17 06:08:00+00,True,,Male,5,252000,ID_3JA0MAFB,ID_zatgmvss
2022-05-31 13:27:24.704992+00,CHRISTINE OOKO,Emergency fund,1000,2022-05-03 07:23:00+00,True,,Female,1,23000,ID_Y0386AT9,ID_zawrgrj7
2022-03-16 13:08:19.703288+00,CEDRIC OCHOLA,Family & Friends,250,2022-03-22 10:59:00+00,True,,Male,5,150000,ID_O8P8YS18,ID_zcrvugl9
2022-04-12 15:59:14.139347+00,FATUMA OSORE,Bills & Fees,100,2022-04-19 15:16:00+00,False,,Male,3,10000,ID_ZX4DCF4K,ID_zczwc1fy
2022-03-16 13:05:51.851102+00,NIMROD ZIRO,Family & Friends,2000,2021-12-27 20:14:00+00,True,,Female,1,250000,ID_OZANC6XT,ID_zh4nw2s0
2021-08-06 11:28:03.723042+00,ONESMUS  GAKURU,Miscellaneous,500,2021-08-26 13:38:00+00,True,27.0,Female,2,8000,ID_L8QMYB09,ID_zr5x8yjs
2022-04-12 15:57:05.758311+00,GLADWELL MBURU,Miscellaneous,400,2022-04-03 08:39:00+00,True,,Male,5,750000,ID_D8FOVVBB,ID_zty81sq8
2021-12-01 08:33:13.82067+00,SAFARICOM LIMITED,Data & WiFi,500,2021-01-15 15:40:00+00,False,,Male,3,200000,ID_ECX9BS4A,ID_zx5ajeqe
2021-10-05 12:29:13.14963+00,EQUITY PAYBILL ACCOUNT,Bills & Fees,14000,2021-10-08 10:33:00+00,True,25.0,Female,4,90000,ID_U9WZMGJZ,ID_zx9hnvvb
2022-04-12 15:59:14.139347+00,RUBIS ENJOY UN AVENUE,Going out,60,2022-03-22 04:06:00+00,False,,Male,5,252000,ID_3JA0MAFB,ID_zztijwt3
